customer_id,name,date_birth,email_address,phone_number,country,CREATED_AT,UPDATED_AT
CUST_1001,Allen Robinson,2000-10-08,hoffmanjennifer@gardner.com,001-626-254-2351x16155,ZA,2026-01-12 01:31:14,2026-01-12 01:31:14
CUST_1002,Valerie Gray,1991-11-08,maria95@lee.com,731-564-7525,SV,2026-01-15 01:09:41,2026-01-15 01:09:41
CUST_1003,Melinda Jones,1978-10-03,amandasanchez@gray-mayo.net,550.730.5641,GH,2026-01-04 20:57:51,2026-01-04 20:57:51
CUST_1004,Dr. Marvin Thomas Jr.,2005-03-11,julie69@cox-osborn.com,671.201.2269x16697,KZ,2026-01-12 07:13:15,2026-01-12 07:13:15
CUST_1005,Kimberly Adams,1968-05-20,daniel62@smith-bowen.com,728.914.8932x52880,AM,2026-01-05 21:40:30,2026-01-05 21:40:30
CUST_1006,Sherry Decker,1968-03-14,john39@miller.com,001-682-827-8248x96383,SV,2026-01-19 10:52:44,2026-01-19 10:52:44
CUST_1007,Steven Hayes,2004-10-23,jeffreymorgan@spencer.com,510.451.8347,RS,2026-01-14 11:51:45,2026-01-14 11:51:45
CUST_1008,Dana Kennedy,1999-06-13,glee@jordan.com,+1-610-965-1333x87262,HU,2026-01-23 00:15:40,2026-01-23 00:15:40
CUST_1009,Scott Pierce,1965-09-19,pearsonamber@novak.com,(977)436-0260x64746,ET,2026-01-18 17:03:37,2026-01-18 17:03:37
CUST_1010,Anthony Fitzgerald,1980-10-11,adkinsbrian@woods.com,312.819.1361x93990,KM,2026-01-08 21:30:20,2026-01-08 21:30:20
CUST_1011,Emily Green,2000-04-22,john62@brewer.com,6794911838,MG,2026-01-18 23:17:31,2026-01-18 23:17:31
CUST_1012,Jaclyn Moore,1965-04-08,cheryl80@montoya.com,911-682-4493x534,BF,2026-01-18 05:55:13,2026-01-18 05:55:13
CUST_1013,Sandra Williams,1966-11-14,kellie42@ramos.com,428-205-9826,KP,2026-01-11 04:05:36,2026-01-11 04:05:36
CUST_1014,Rebecca Valencia,1985-05-27,jason31@deleon-henson.biz,+1-423-322-6025x634,MU,2026-01-13 23:03:06,2026-01-13 23:03:06
CUST_1015,Courtney Velasquez,1963-03-23,ybailey@walker.com,(454)614-5868x5014,AZ,2026-01-04 11:11:23,2026-01-04 11:11:23
CUST_1016,Haley Hartman,1967-12-19,gobrien@cruz.com,706-308-8356x159,WS,2026-01-30 13:41:20,2026-01-30 13:41:20
CUST_1017,Mary Nguyen,1981-01-09,angela36@bentley.org,001-746-980-4436,PA,2026-01-09 07:23:27,2026-01-09 07:23:27
CUST_1018,Kayla Leon,1990-09-04,donnacampbell@schultz.com,+1-543-832-0037x91769,SA,2026-01-26 22:19:05,2026-01-26 22:19:05
CUST_1019,Matthew Smith,1987-10-14,osbornejeffery@holmes.com,927.488.9579x868,CH,2026-01-12 21:13:31,2026-01-12 21:13:31
CUST_1020,Paul Larsen,1992-11-21,katie87@allen.com,855-881-2236x231,LS,2026-01-08 22:22:39,2026-01-08 22:22:39
CUST_1021,Antonio Wall,1997-07-06,lstein@smith.info,9545668893,IR,2026-01-23 10:34:19,2026-01-23 10:34:19
CUST_1022,Mr. Michael Yates,1990-03-31,marycalhoun@ferguson.com,562-972-0465,LR,2026-01-19 10:05:51,2026-01-19 10:05:51
CUST_1023,Jamie Walton,1983-07-22,fking@smith-ryan.com,510.403.3092,PY,2026-01-14 02:30:43,2026-01-14 02:30:43
CUST_1024,Travis Marshall,2006-02-22,katie29@stuart.com,619-304-9663x1931,TM,2026-01-28 00:53:36,2026-01-28 00:53:36
CUST_1025,Jeffrey Wood,1963-05-20,alexander67@hamilton.info,001-626-728-4987x769,HN,2026-01-11 15:52:12,2026-01-11 15:52:12
CUST_1026,Jerry Christensen,1966-06-27,frogers@white-lewis.com,949-948-0831x36783,PE,2026-01-16 17:49:00,2026-01-16 17:49:00
CUST_1027,Daniel Holt,1961-10-05,elizabeth57@schmidt.com,(574)544-3135x182,SZ,2026-01-03 17:10:20,2026-01-03 17:10:20
CUST_1028,Kevin Wolf,1993-07-15,tina34@ward.com,001-682-940-0842x710,QA,2026-01-12 02:51:37,2026-01-12 02:51:37
CUST_1029,Vincent King,1990-07-24,ewilson@vasquez-ray.com,(529)841-3186,PG,2026-01-02 13:23:58,2026-01-02 13:23:58
CUST_1030,Kevin Patterson,1990-09-18,lynchjody@garrett.com,(932)681-2067,AU,2026-01-16 07:31:45,2026-01-16 07:31:45
CUST_1031,Douglas Heath,1976-05-04,mcdanielsandra@lawrence.com,+1-632-942-1024,CM,2026-01-20 11:23:27,2026-01-20 11:23:27
CUST_1032,Melissa Bender,1992-06-25,mkim@preston.com,+1-940-913-9904x902,IT,2026-01-13 23:56:26,2026-01-13 23:56:26
CUST_1033,Jessica Olsen DVM,1972-12-08,vbailey@santiago-hodge.com,(274)968-0715x45168,NG,2026-01-04 05:06:55,2026-01-04 05:06:55
CUST_1034,Isaiah Avila,1964-04-11,nwolf@dunn-pennington.info,001-371-509-3248x086,CI,2026-01-11 05:48:46,2026-01-11 05:48:46
CUST_1035,Maria Moore,1991-12-28,william46@baird-sanchez.net,(763)698-2146,AD,2026-01-28 12:48:45,2026-01-28 12:48:45
CUST_1036,Sara Carpenter,1979-11-02,cgrimes@washington.biz,853.439.6360x576,SA,2026-01-16 06:37:34,2026-01-16 06:37:34
CUST_1037,Vincent Rivera,1963-02-09,sawyerscott@lozano.com,874-759-6158,YE,2026-01-11 07:43:40,2026-01-11 07:43:40
CUST_1038,Amanda Jones,1993-10-17,wendy16@hodges.com,524.800.5045x562,TM,2026-01-25 05:38:47,2026-01-25 05:38:47
CUST_1039,Carolyn Miller,2006-12-26,pharvey@durham-thomas.info,+1-647-840-7482x1759,FM,2026-01-20 04:56:40,2026-01-20 04:56:40
CUST_1040,Eric Kidd,1977-08-10,yrodriguez@howard.com,+1-664-409-0974x39533,YE,2026-01-23 06:36:04,2026-01-23 06:36:04
CUST_1041,Maria Parker,1967-03-15,xjohnson@anderson.biz,(632)985-8842,KE,2026-01-07 22:27:26,2026-01-07 22:27:26
CUST_1042,Julie Jones,1983-08-21,michelleramsey@coffey-ballard.com,860-748-1754,CD,2026-01-13 20:36:27,2026-01-13 20:36:27
CUST_1043,Alexander Henson,2006-07-06,rose31@colon.biz,420-804-7113,PH,2026-01-07 18:40:52,2026-01-07 18:40:52
CUST_1044,Natalie Bautista,1985-11-01,umatthews@mcclure.com,796.240.5377x3515,MY,2026-01-12 23:20:30,2026-01-12 23:20:30
CUST_1045,Bryan Charles,1979-05-13,ndavis@fowler.com,529.731.8393,CY,2026-01-28 06:02:28,2026-01-28 06:02:28
CUST_1046,Scott Thomas,2001-02-22,amberlindsey@guerrero.com,4538950240,SL,2026-01-27 03:57:14,2026-01-27 03:57:14
CUST_1047,Karen Strickland,1968-04-27,hayesjeffrey@williams.net,470-307-6617x7115,CN,2026-01-13 18:06:58,2026-01-13 18:06:58
CUST_1048,Lauren Joseph,1979-04-21,hvang@chavez-jacobs.com,001-318-736-7365x766,NP,2026-01-29 09:05:31,2026-01-29 09:05:31
CUST_1049,Jacqueline Hernandez,1981-11-08,fjones@reynolds.com,(780)898-8516,WS,2026-01-21 19:09:41,2026-01-21 19:09:41
CUST_1050,Lindsay Bell,1964-02-02,ericolson@bell.com,249-636-8998,AT,2026-01-29 07:51:54,2026-01-29 07:51:54
