product_sku,product_name,unit_price,CREATED_AT,UPDATED_AT
SKU_101,Purpose Apparel Item,75.7,2026-01-03 23:19:47,2026-01-03 23:19:47
SKU_102,Brother Electronics Item,271.86,2026-01-02 05:51:13,2026-01-02 05:51:13
SKU_103,Ago Electronics Item,55.76,2026-01-01 09:15:26,2026-01-01 09:15:26
SKU_104,Site Electronics Item,259.14,2026-01-03 19:46:02,2026-01-03 19:46:02
SKU_105,Face Books Item,110.89,2026-01-09 16:33:20,2026-01-09 16:33:20
SKU_106,Election Home Item,367.1,2026-01-08 03:38:09,2026-01-08 03:38:09
SKU_107,Dog Apparel Item,318.69,2026-01-01 01:53:34,2026-01-01 01:53:34
SKU_108,Chair Home Item,82.63,2026-01-05 03:06:18,2026-01-05 03:06:18
SKU_109,Since Home Item,59.46,2026-01-10 06:23:01,2026-01-10 06:23:01
SKU_110,Blue Electronics Item,171.16,2026-01-05 14:39:42,2026-01-05 14:39:42
SKU_111,Require Home Item,366.1,2026-01-05 04:11:03,2026-01-05 04:11:03
SKU_112,Sit Books Item,248.26,2026-01-09 20:32:59,2026-01-09 20:32:59
SKU_113,Wait Electronics Item,255.14,2026-01-05 14:15:22,2026-01-05 14:15:22
SKU_114,Offer Home Item,266.15,2026-01-08 15:06:16,2026-01-08 15:06:16
SKU_115,Begin Electronics Item,34.93,2026-01-09 13:13:17,2026-01-09 13:13:17
