purchase_sku,customer_id,product_sku,channel_id,quantity,discount,order_date,CREATED_AT,UPDATED_AT
PUR_20001,CUST_1007,SKU_103,CH_003,2,0.05,2026-04-02,2026-04-02 18:11:07,2026-04-02 18:11:07
PUR_20002,CUST_1049,SKU_113,CH_001,2,0.2,2026-03-01,2026-03-01 08:50:58,2026-03-01 08:50:58
PUR_20003,CUST_1049,SKU_110,CH_005,4,0.1,2026-06-30,2026-06-30 04:21:21,2026-06-30 04:21:21
PUR_20004,CUST_1010,SKU_108,CH_001,4,0.2,2026-05-03,2026-05-03 18:37:41,2026-05-03 18:37:41
PUR_20005,CUST_1018,SKU_110,CH_001,3,0.0,2026-04-28,2026-04-28 14:29:27,2026-04-28 14:29:27
PUR_20006,CUST_1030,SKU_108,CH_001,1,0.1,2026-05-01,2026-05-01 13:12:39,2026-05-01 13:12:39
PUR_20007,CUST_1005,SKU_111,CH_001,5,0.2,2026-04-22,2026-04-22 11:45:06,2026-04-22 11:45:06
PUR_20008,CUST_1038,SKU_109,CH_001,4,0.05,2026-06-29,2026-06-29 16:47:06,2026-06-29 16:47:06
PUR_20009,CUST_1039,SKU_108,CH_005,2,0.0,2026-05-05,2026-05-05 20:50:47,2026-05-05 20:50:47
PUR_20010,CUST_1007,SKU_113,CH_003,1,0.05,2026-06-24,2026-06-24 23:10:47,2026-06-24 23:10:47
PUR_20011,CUST_1016,SKU_112,CH_004,4,0.05,2026-01-16,2026-01-16 04:49:51,2026-01-16 04:49:51
PUR_20012,CUST_1024,SKU_115,CH_003,4,0.2,2026-05-22,2026-05-22 07:46:29,2026-05-22 07:46:29
PUR_20013,CUST_1044,SKU_110,CH_001,3,0.0,2026-05-12,2026-05-12 09:48:37,2026-05-12 09:48:37
PUR_20014,CUST_1007,SKU_109,CH_004,3,0.1,2026-05-09,2026-05-09 00:56:26,2026-05-09 00:56:26
PUR_20015,CUST_1022,SKU_102,CH_005,2,0.1,2026-02-28,2026-02-28 09:34:51,2026-02-28 09:34:51
PUR_20016,CUST_1042,SKU_112,CH_004,2,0.0,2026-05-01,2026-05-01 11:34:09,2026-05-01 11:34:09
PUR_20017,CUST_1036,SKU_107,CH_003,2,0.0,2026-05-01,2026-05-01 05:30:44,2026-05-01 05:30:44
PUR_20018,CUST_1033,SKU_106,CH_001,3,0.1,2026-06-14,2026-06-14 10:26:00,2026-06-14 10:26:00
PUR_20019,CUST_1014,SKU_106,CH_004,2,0.05,2026-03-12,2026-03-12 00:10:19,2026-03-12 00:10:19
PUR_20020,CUST_1010,SKU_102,CH_003,1,0.0,2026-02-23,2026-02-23 10:12:07,2026-02-23 10:12:07
PUR_20021,CUST_1050,SKU_110,CH_002,5,0.2,2026-05-11,2026-05-11 18:52:17,2026-05-11 18:52:17
PUR_20022,CUST_1011,SKU_103,CH_005,2,0.2,2026-03-01,2026-03-01 21:44:23,2026-03-01 21:44:23
PUR_20023,CUST_1027,SKU_106,CH_002,4,0.1,2026-01-17,2026-01-17 23:14:34,2026-01-17 23:14:34
PUR_20024,CUST_1015,SKU_109,CH_002,3,0.2,2026-06-24,2026-06-24 08:18:42,2026-06-24 08:18:42
PUR_20025,CUST_1024,SKU_111,CH_005,4,0.2,2026-03-17,2026-03-17 08:21:42,2026-03-17 08:21:42
PUR_20026,CUST_1050,SKU_107,CH_005,5,0.2,2026-04-20,2026-04-20 10:18:10,2026-04-20 10:18:10
PUR_20027,CUST_1013,SKU_113,CH_005,2,0.1,2026-03-04,2026-03-04 22:29:29,2026-03-04 22:29:29
PUR_20028,CUST_1042,SKU_108,CH_003,5,0.0,2026-01-21,2026-01-21 06:21:03,2026-01-21 06:21:03
PUR_20029,CUST_1008,SKU_105,CH_001,2,0.1,2026-07-20,2026-07-20 08:37:26,2026-07-20 08:37:26
PUR_20030,CUST_1033,SKU_103,CH_004,1,0.05,2026-06-24,2026-06-24 11:57:31,2026-06-24 11:57:31
PUR_20031,CUST_1023,SKU_115,CH_001,4,0.0,2026-06-25,2026-06-25 04:49:03,2026-06-25 04:49:03
PUR_20032,CUST_1033,SKU_106,CH_002,4,0.0,2026-06-03,2026-06-03 23:13:07,2026-06-03 23:13:07
PUR_20033,CUST_1015,SKU_101,CH_003,1,0.1,2026-05-26,2026-05-26 14:26:21,2026-05-26 14:26:21
PUR_20034,CUST_1009,SKU_101,CH_003,4,0.05,2026-02-26,2026-02-26 17:16:41,2026-02-26 17:16:41
PUR_20035,CUST_1029,SKU_110,CH_001,1,0.0,2026-07-02,2026-07-02 04:25:23,2026-07-02 04:25:23
PUR_20036,CUST_1014,SKU_114,CH_002,5,0.2,2026-04-10,2026-04-10 09:23:02,2026-04-10 09:23:02
PUR_20037,CUST_1050,SKU_105,CH_002,3,0.0,2026-02-13,2026-02-13 04:20:11,2026-02-13 04:20:11
PUR_20038,CUST_1016,SKU_107,CH_005,4,0.0,2026-01-19,2026-01-19 13:03:25,2026-01-19 13:03:25
PUR_20039,CUST_1032,SKU_110,CH_005,1,0.05,2026-02-13,2026-02-13 01:16:13,2026-02-13 01:16:13
PUR_20040,CUST_1019,SKU_107,CH_001,5,0.1,2026-02-25,2026-02-25 18:13:59,2026-02-25 18:13:59
PUR_20041,CUST_1037,SKU_107,CH_002,1,0.1,2026-04-04,2026-04-04 10:13:16,2026-04-04 10:13:16
PUR_20042,CUST_1034,SKU_109,CH_005,5,0.0,2026-01-27,2026-01-27 06:49:01,2026-01-27 06:49:01
PUR_20043,CUST_1031,SKU_101,CH_004,3,0.1,2026-06-01,2026-06-01 15:17:33,2026-06-01 15:17:33
PUR_20044,CUST_1023,SKU_113,CH_001,3,0.05,2026-01-07,2026-01-07 07:23:18,2026-01-07 07:23:18
PUR_20045,CUST_1050,SKU_110,CH_003,2,0.0,2026-02-10,2026-02-10 06:13:02,2026-02-10 06:13:02
PUR_20046,CUST_1035,SKU_106,CH_002,4,0.2,2026-05-17,2026-05-17 19:39:54,2026-05-17 19:39:54
PUR_20047,CUST_1009,SKU_102,CH_004,1,0.1,2026-03-12,2026-03-12 18:57:14,2026-03-12 18:57:14
PUR_20048,CUST_1003,SKU_113,CH_002,1,0.1,2026-03-20,2026-03-20 06:57:51,2026-03-20 06:57:51
PUR_20049,CUST_1033,SKU_107,CH_005,4,0.1,2026-05-01,2026-05-01 10:07:00,2026-05-01 10:07:00
PUR_20050,CUST_1049,SKU_111,CH_002,3,0.1,2026-01-15,2026-01-15 05:19:49,2026-01-15 05:19:49
PUR_20051,CUST_1042,SKU_106,CH_003,1,0.1,2026-01-19,2026-01-19 13:33:57,2026-01-19 13:33:57
PUR_20052,CUST_1026,SKU_112,CH_004,4,0.1,2026-06-19,2026-06-19 16:40:55,2026-06-19 16:40:55
PUR_20053,CUST_1032,SKU_112,CH_004,3,0.1,2026-03-14,2026-03-14 13:15:45,2026-03-14 13:15:45
PUR_20054,CUST_1047,SKU_107,CH_001,4,0.05,2026-02-02,2026-02-02 01:59:42,2026-02-02 01:59:42
PUR_20055,CUST_1021,SKU_102,CH_001,3,0.1,2026-04-25,2026-04-25 02:06:05,2026-04-25 02:06:05
PUR_20056,CUST_1029,SKU_110,CH_004,2,0.2,2026-04-30,2026-04-30 00:44:54,2026-04-30 00:44:54
PUR_20057,CUST_1029,SKU_101,CH_003,5,0.2,2026-05-17,2026-05-17 12:39:19,2026-05-17 12:39:19
PUR_20058,CUST_1041,SKU_113,CH_001,1,0.2,2026-04-17,2026-04-17 15:02:29,2026-04-17 15:02:29
PUR_20059,CUST_1033,SKU_113,CH_002,1,0.05,2026-05-22,2026-05-22 02:18:18,2026-05-22 02:18:18
PUR_20060,CUST_1003,SKU_103,CH_001,2,0.1,2026-06-20,2026-06-20 04:04:00,2026-06-20 04:04:00
PUR_20061,CUST_1025,SKU_110,CH_001,5,0.05,2026-05-21,2026-05-21 15:29:17,2026-05-21 15:29:17
PUR_20062,CUST_1024,SKU_106,CH_004,1,0.05,2026-06-24,2026-06-24 17:34:56,2026-06-24 17:34:56
PUR_20063,CUST_1024,SKU_107,CH_003,3,0.05,2026-07-25,2026-07-25 14:55:25,2026-07-25 14:55:25
PUR_20064,CUST_1002,SKU_112,CH_002,4,0.2,2026-02-14,2026-02-14 01:25:03,2026-02-14 01:25:03
PUR_20065,CUST_1017,SKU_113,CH_003,4,0.05,2026-02-15,2026-02-15 17:36:43,2026-02-15 17:36:43
PUR_20066,CUST_1045,SKU_115,CH_004,2,0.0,2026-04-21,2026-04-21 21:46:09,2026-04-21 21:46:09
PUR_20067,CUST_1005,SKU_108,CH_002,4,0.0,2026-02-22,2026-02-22 17:04:49,2026-02-22 17:04:49
PUR_20068,CUST_1043,SKU_106,CH_001,5,0.1,2026-05-05,2026-05-05 02:46:26,2026-05-05 02:46:26
PUR_20069,CUST_1011,SKU_112,CH_002,3,0.05,2026-04-27,2026-04-27 11:47:55,2026-04-27 11:47:55
PUR_20070,CUST_1013,SKU_113,CH_002,2,0.2,2026-02-17,2026-02-17 03:10:48,2026-02-17 03:10:48
PUR_20071,CUST_1024,SKU_109,CH_005,3,0.2,2026-01-11,2026-01-11 04:59:05,2026-01-11 04:59:05
PUR_20072,CUST_1040,SKU_115,CH_001,1,0.1,2026-02-20,2026-02-20 09:33:19,2026-02-20 09:33:19
PUR_20073,CUST_1046,SKU_112,CH_004,5,0.2,2026-06-04,2026-06-04 15:07:11,2026-06-04 15:07:11
PUR_20074,CUST_1037,SKU_102,CH_002,3,0.0,2026-06-09,2026-06-09 00:11:49,2026-06-09 00:11:49
PUR_20075,CUST_1030,SKU_111,CH_005,3,0.05,2026-06-24,2026-06-24 18:03:58,2026-06-24 18:03:58
PUR_20076,CUST_1050,SKU_103,CH_004,5,0.0,2026-03-12,2026-03-12 16:01:09,2026-03-12 16:01:09
PUR_20077,CUST_1034,SKU_103,CH_003,2,0.05,2026-02-18,2026-02-18 05:15:55,2026-02-18 05:15:55
PUR_20078,CUST_1046,SKU_104,CH_003,5,0.1,2026-05-06,2026-05-06 07:24:58,2026-05-06 07:24:58
PUR_20079,CUST_1017,SKU_104,CH_005,3,0.05,2026-01-31,2026-01-31 15:01:39,2026-01-31 15:01:39
PUR_20080,CUST_1040,SKU_109,CH_001,5,0.05,2026-04-28,2026-04-28 14:31:47,2026-04-28 14:31:47
PUR_20081,CUST_1011,SKU_111,CH_005,5,0.1,2026-03-01,2026-03-01 21:11:41,2026-03-01 21:11:41
PUR_20082,CUST_1002,SKU_102,CH_001,5,0.1,2026-01-16,2026-01-16 23:57:31,2026-01-16 23:57:31
PUR_20083,CUST_1050,SKU_110,CH_004,5,0.0,2026-03-23,2026-03-23 20:52:35,2026-03-23 20:52:35
PUR_20084,CUST_1041,SKU_109,CH_003,3,0.2,2026-07-13,2026-07-13 10:03:04,2026-07-13 10:03:04
PUR_20085,CUST_1044,SKU_107,CH_003,4,0.0,2026-04-06,2026-04-06 02:25:39,2026-04-06 02:25:39
PUR_20086,CUST_1011,SKU_108,CH_004,4,0.2,2026-01-24,2026-01-24 06:25:47,2026-01-24 06:25:47
PUR_20087,CUST_1022,SKU_110,CH_002,3,0.1,2026-03-21,2026-03-21 05:37:56,2026-03-21 05:37:56
PUR_20088,CUST_1026,SKU_103,CH_003,5,0.0,2026-05-15,2026-05-15 03:05:12,2026-05-15 03:05:12
PUR_20089,CUST_1016,SKU_108,CH_001,3,0.2,2026-05-04,2026-05-04 22:22:32,2026-05-04 22:22:32
PUR_20090,CUST_1010,SKU_102,CH_001,3,0.2,2026-04-07,2026-04-07 06:46:17,2026-04-07 06:46:17
PUR_20091,CUST_1016,SKU_114,CH_002,3,0.1,2026-06-12,2026-06-12 09:17:53,2026-06-12 09:17:53
PUR_20092,CUST_1049,SKU_103,CH_004,5,0.2,2026-03-15,2026-03-15 17:22:55,2026-03-15 17:22:55
PUR_20093,CUST_1020,SKU_108,CH_001,1,0.2,2026-07-13,2026-07-13 16:46:38,2026-07-13 16:46:38
PUR_20094,CUST_1030,SKU_104,CH_002,5,0.1,2026-07-16,2026-07-16 07:05:01,2026-07-16 07:05:01
PUR_20095,CUST_1004,SKU_105,CH_004,5,0.2,2026-01-19,2026-01-19 21:31:36,2026-01-19 21:31:36
PUR_20096,CUST_1035,SKU_101,CH_001,4,0.05,2026-04-21,2026-04-21 23:22:04,2026-04-21 23:22:04
PUR_20097,CUST_1047,SKU_106,CH_004,3,0.0,2026-04-13,2026-04-13 17:03:57,2026-04-13 17:03:57
PUR_20098,CUST_1004,SKU_110,CH_005,2,0.1,2026-06-05,2026-06-05 13:41:28,2026-06-05 13:41:28
PUR_20099,CUST_1005,SKU_107,CH_005,4,0.1,2026-04-23,2026-04-23 01:57:46,2026-04-23 01:57:46
PUR_20100,CUST_1009,SKU_102,CH_004,3,0.1,2026-02-16,2026-02-16 03:23:56,2026-02-16 03:23:56
PUR_20101,CUST_1049,SKU_103,CH_002,5,0.2,2026-05-22,2026-05-22 23:41:54,2026-05-22 23:41:54
PUR_20102,CUST_1003,SKU_101,CH_001,2,0.1,2026-07-14,2026-07-14 05:03:50,2026-07-14 05:03:50
PUR_20103,CUST_1034,SKU_108,CH_002,5,0.05,2026-07-03,2026-07-03 23:36:55,2026-07-03 23:36:55
PUR_20104,CUST_1040,SKU_106,CH_002,4,0.1,2026-05-08,2026-05-08 08:51:47,2026-05-08 08:51:47
PUR_20105,CUST_1033,SKU_114,CH_005,5,0.2,2026-05-11,2026-05-11 15:13:40,2026-05-11 15:13:40
PUR_20106,CUST_1031,SKU_114,CH_001,3,0.1,2026-04-27,2026-04-27 10:15:02,2026-04-27 10:15:02
PUR_20107,CUST_1027,SKU_110,CH_003,1,0.2,2026-02-12,2026-02-12 13:35:19,2026-02-12 13:35:19
PUR_20108,CUST_1042,SKU_113,CH_005,5,0.05,2026-04-14,2026-04-14 02:55:22,2026-04-14 02:55:22
PUR_20109,CUST_1038,SKU_108,CH_002,5,0.2,2026-01-20,2026-01-20 22:39:53,2026-01-20 22:39:53
PUR_20110,CUST_1044,SKU_104,CH_001,5,0.0,2026-02-27,2026-02-27 09:22:09,2026-02-27 09:22:09
PUR_20111,CUST_1002,SKU_108,CH_003,4,0.05,2026-03-16,2026-03-16 02:14:19,2026-03-16 02:14:19
PUR_20112,CUST_1045,SKU_104,CH_004,5,0.2,2026-06-10,2026-06-10 09:04:01,2026-06-10 09:04:01
PUR_20113,CUST_1046,SKU_103,CH_005,2,0.1,2026-01-25,2026-01-25 04:30:13,2026-01-25 04:30:13
PUR_20114,CUST_1034,SKU_107,CH_003,2,0.2,2026-07-05,2026-07-05 18:44:26,2026-07-05 18:44:26
PUR_20115,CUST_1022,SKU_109,CH_003,3,0.2,2026-07-27,2026-07-27 01:06:15,2026-07-27 01:06:15
PUR_20116,CUST_1016,SKU_105,CH_005,3,0.05,2026-03-16,2026-03-16 16:01:54,2026-03-16 16:01:54
PUR_20117,CUST_1050,SKU_105,CH_002,4,0.1,2026-04-26,2026-04-26 13:58:07,2026-04-26 13:58:07
PUR_20118,CUST_1023,SKU_109,CH_003,3,0.0,2026-07-06,2026-07-06 08:05:31,2026-07-06 08:05:31
PUR_20119,CUST_1025,SKU_115,CH_004,3,0.05,2026-07-30,2026-07-30 22:54:21,2026-07-30 22:54:21
PUR_20120,CUST_1003,SKU_105,CH_001,3,0.2,2026-04-23,2026-04-23 19:12:53,2026-04-23 19:12:53
PUR_20121,CUST_1048,SKU_108,CH_002,2,0.1,2026-04-10,2026-04-10 14:13:51,2026-04-10 14:13:51
PUR_20122,CUST_1009,SKU_102,CH_005,5,0.05,2026-04-16,2026-04-16 11:41:44,2026-04-16 11:41:44
PUR_20123,CUST_1004,SKU_111,CH_005,2,0.05,2026-04-05,2026-04-05 03:52:21,2026-04-05 03:52:21
PUR_20124,CUST_1007,SKU_107,CH_003,4,0.0,2026-01-21,2026-01-21 09:15:09,2026-01-21 09:15:09
PUR_20125,CUST_1001,SKU_109,CH_002,4,0.2,2026-02-23,2026-02-23 09:17:08,2026-02-23 09:17:08
PUR_20126,CUST_1042,SKU_104,CH_003,3,0.1,2026-07-05,2026-07-05 10:08:33,2026-07-05 10:08:33
PUR_20127,CUST_1050,SKU_102,CH_005,2,0.0,2026-01-23,2026-01-23 23:26:06,2026-01-23 23:26:06
PUR_20128,CUST_1027,SKU_115,CH_002,1,0.2,2026-03-09,2026-03-09 23:43:19,2026-03-09 23:43:19
PUR_20129,CUST_1012,SKU_115,CH_003,1,0.0,2026-07-12,2026-07-12 09:18:45,2026-07-12 09:18:45
PUR_20130,CUST_1037,SKU_110,CH_001,3,0.1,2026-04-26,2026-04-26 21:13:01,2026-04-26 21:13:01
PUR_20131,CUST_1042,SKU_109,CH_005,4,0.05,2026-06-26,2026-06-26 10:50:25,2026-06-26 10:50:25
PUR_20132,CUST_1030,SKU_105,CH_002,1,0.1,2026-07-15,2026-07-15 19:36:09,2026-07-15 19:36:09
PUR_20133,CUST_1047,SKU_108,CH_003,2,0.0,2026-03-05,2026-03-05 02:33:22,2026-03-05 02:33:22
PUR_20134,CUST_1019,SKU_110,CH_002,2,0.2,2026-05-11,2026-05-11 22:06:47,2026-05-11 22:06:47
PUR_20135,CUST_1033,SKU_106,CH_001,4,0.0,2026-06-16,2026-06-16 02:28:59,2026-06-16 02:28:59
PUR_20136,CUST_1009,SKU_108,CH_003,2,0.0,2026-03-13,2026-03-13 18:17:08,2026-03-13 18:17:08
PUR_20137,CUST_1025,SKU_104,CH_004,3,0.1,2026-04-12,2026-04-12 06:41:41,2026-04-12 06:41:41
PUR_20138,CUST_1038,SKU_112,CH_005,1,0.1,2026-04-28,2026-04-28 06:20:21,2026-04-28 06:20:21
PUR_20139,CUST_1045,SKU_104,CH_001,1,0.2,2026-05-20,2026-05-20 15:16:06,2026-05-20 15:16:06
PUR_20140,CUST_1011,SKU_107,CH_005,3,0.0,2026-04-30,2026-04-30 03:38:32,2026-04-30 03:38:32
PUR_20141,CUST_1024,SKU_110,CH_002,2,0.05,2026-04-25,2026-04-25 13:56:59,2026-04-25 13:56:59
PUR_20142,CUST_1010,SKU_108,CH_005,3,0.2,2026-07-05,2026-07-05 16:58:42,2026-07-05 16:58:42
PUR_20143,CUST_1049,SKU_109,CH_002,2,0.0,2026-07-02,2026-07-02 20:26:08,2026-07-02 20:26:08
PUR_20144,CUST_1029,SKU_109,CH_003,1,0.0,2026-07-24,2026-07-24 02:04:37,2026-07-24 02:04:37
PUR_20145,CUST_1036,SKU_115,CH_005,2,0.05,2026-01-24,2026-01-24 23:37:36,2026-01-24 23:37:36
PUR_20146,CUST_1021,SKU_114,CH_005,4,0.0,2026-03-05,2026-03-05 21:35:50,2026-03-05 21:35:50
PUR_20147,CUST_1046,SKU_110,CH_004,1,0.2,2026-03-21,2026-03-21 18:28:50,2026-03-21 18:28:50
PUR_20148,CUST_1030,SKU_103,CH_005,4,0.2,2026-01-22,2026-01-22 14:33:47,2026-01-22 14:33:47
PUR_20149,CUST_1036,SKU_108,CH_003,1,0.2,2026-01-23,2026-01-23 10:08:44,2026-01-23 10:08:44
PUR_20150,CUST_1001,SKU_112,CH_002,5,0.0,2026-04-09,2026-04-09 19:42:47,2026-04-09 19:42:47
