visit_sku,customer_id,channel_id,visit_timestamp,bounce_timestamp,CREATED_AT,UPDATED_AT
VIS_10001,CUST_1033,CH_004,2026-06-05 02:40:57,2026-06-05 02:46:40,2026-06-05 02:40:57,2026-06-05 02:40:57
VIS_10002,CUST_1008,CH_002,2026-02-05 07:20:13,,2026-02-05 07:20:13,2026-02-05 07:20:13
VIS_10003,CUST_1028,CH_005,2026-03-04 03:08:25,,2026-03-04 03:08:25,2026-03-04 03:08:25
VIS_10004,CUST_1030,CH_005,2026-01-25 16:07:16,2026-01-25 16:28:36,2026-01-25 16:07:16,2026-01-25 16:07:16
VIS_10005,CUST_1001,CH_001,2026-04-08 15:20:57,,2026-04-08 15:20:57,2026-04-08 15:20:57
VIS_10006,CUST_1050,CH_003,2026-07-28 12:55:34,,2026-07-28 12:55:34,2026-07-28 12:55:34
VIS_10007,CUST_1030,CH_001,2026-02-13 07:44:29,2026-02-13 07:50:52,2026-02-13 07:44:29,2026-02-13 07:44:29
VIS_10008,CUST_1049,CH_002,2026-04-13 06:57:49,,2026-04-13 06:57:49,2026-04-13 06:57:49
VIS_10009,CUST_1041,CH_003,2026-07-17 03:56:10,,2026-07-17 03:56:10,2026-07-17 03:56:10
VIS_10010,CUST_1024,CH_002,2026-07-17 03:45:39,2026-07-17 03:51:52,2026-07-17 03:45:39,2026-07-17 03:45:39
VIS_10011,CUST_1034,CH_001,2026-07-29 11:22:36,,2026-07-29 11:22:36,2026-07-29 11:22:36
VIS_10012,CUST_1024,CH_003,2026-05-06 21:21:12,2026-05-06 21:26:01,2026-05-06 21:21:12,2026-05-06 21:21:12
VIS_10013,CUST_1006,CH_001,2026-04-03 23:51:26,2026-04-04 00:11:47,2026-04-03 23:51:26,2026-04-03 23:51:26
VIS_10014,CUST_1049,CH_005,2026-07-08 17:45:33,,2026-07-08 17:45:33,2026-07-08 17:45:33
VIS_10015,CUST_1036,CH_002,2026-02-18 20:10:22,2026-02-18 20:27:35,2026-02-18 20:10:22,2026-02-18 20:10:22
VIS_10016,CUST_1028,CH_002,2026-04-13 22:30:24,2026-04-13 22:52:06,2026-04-13 22:30:24,2026-04-13 22:30:24
VIS_10017,CUST_1045,CH_002,2026-07-29 10:36:13,,2026-07-29 10:36:13,2026-07-29 10:36:13
VIS_10018,CUST_1042,CH_003,2026-05-02 01:24:23,2026-05-02 01:48:18,2026-05-02 01:24:23,2026-05-02 01:24:23
VIS_10019,CUST_1029,CH_001,2026-06-20 03:23:19,,2026-06-20 03:23:19,2026-06-20 03:23:19
VIS_10020,CUST_1002,CH_005,2026-04-07 06:38:52,2026-04-07 06:51:24,2026-04-07 06:38:52,2026-04-07 06:38:52
VIS_10021,CUST_1005,CH_001,2026-03-31 08:49:29,2026-03-31 08:50:43,2026-03-31 08:49:29,2026-03-31 08:49:29
VIS_10022,CUST_1022,CH_001,2026-03-30 21:53:31,2026-03-30 21:55:35,2026-03-30 21:53:31,2026-03-30 21:53:31
VIS_10023,CUST_1032,CH_002,2026-07-19 16:16:56,2026-07-19 16:40:46,2026-07-19 16:16:56,2026-07-19 16:16:56
VIS_10024,CUST_1037,CH_004,2026-07-29 10:01:28,2026-07-29 10:21:57,2026-07-29 10:01:28,2026-07-29 10:01:28
VIS_10025,CUST_1027,CH_002,2026-04-05 08:53:54,,2026-04-05 08:53:54,2026-04-05 08:53:54
VIS_10026,CUST_1023,CH_004,2026-02-06 15:10:48,2026-02-06 15:26:30,2026-02-06 15:10:48,2026-02-06 15:10:48
VIS_10027,CUST_1004,CH_001,2026-06-09 15:45:03,2026-06-09 16:10:56,2026-06-09 15:45:03,2026-06-09 15:45:03
VIS_10028,CUST_1007,CH_002,2026-01-24 12:57:03,2026-01-24 13:09:37,2026-01-24 12:57:03,2026-01-24 12:57:03
VIS_10029,CUST_1009,CH_004,2026-03-16 09:44:56,2026-03-16 10:01:14,2026-03-16 09:44:56,2026-03-16 09:44:56
VIS_10030,CUST_1005,CH_004,2026-03-13 06:13:56,2026-03-13 06:23:27,2026-03-13 06:13:56,2026-03-13 06:13:56
VIS_10031,CUST_1001,CH_001,2026-02-08 00:34:31,2026-02-08 00:53:58,2026-02-08 00:34:31,2026-02-08 00:34:31
VIS_10032,CUST_1031,CH_002,2026-04-02 19:12:59,2026-04-02 19:30:33,2026-04-02 19:12:59,2026-04-02 19:12:59
VIS_10033,CUST_1011,CH_004,2026-06-05 17:57:59,,2026-06-05 17:57:59,2026-06-05 17:57:59
VIS_10034,CUST_1017,CH_004,2026-01-01 20:05:22,,2026-01-01 20:05:22,2026-01-01 20:05:22
VIS_10035,CUST_1036,CH_004,2026-04-21 18:42:55,2026-04-21 19:08:51,2026-04-21 18:42:55,2026-04-21 18:42:55
VIS_10036,CUST_1004,CH_005,2026-03-02 02:48:39,2026-03-02 02:57:04,2026-03-02 02:48:39,2026-03-02 02:48:39
VIS_10037,CUST_1004,CH_001,2026-07-30 13:37:32,2026-07-30 13:49:14,2026-07-30 13:37:32,2026-07-30 13:37:32
VIS_10038,CUST_1011,CH_001,2026-07-05 03:59:27,2026-07-05 04:18:34,2026-07-05 03:59:27,2026-07-05 03:59:27
VIS_10039,CUST_1005,CH_005,2026-07-17 05:18:16,2026-07-17 05:25:36,2026-07-17 05:18:16,2026-07-17 05:18:16
VIS_10040,CUST_1026,CH_001,2026-01-27 09:26:28,2026-01-27 09:35:29,2026-01-27 09:26:28,2026-01-27 09:26:28
VIS_10041,CUST_1040,CH_001,2026-04-06 14:53:36,2026-04-06 14:55:57,2026-04-06 14:53:36,2026-04-06 14:53:36
VIS_10042,CUST_1034,CH_003,2026-06-12 19:27:33,2026-06-12 19:47:50,2026-06-12 19:27:33,2026-06-12 19:27:33
VIS_10043,CUST_1021,CH_002,2026-04-12 06:30:44,2026-04-12 06:56:10,2026-04-12 06:30:44,2026-04-12 06:30:44
VIS_10044,CUST_1042,CH_003,2026-04-14 03:42:24,2026-04-14 04:06:19,2026-04-14 03:42:24,2026-04-14 03:42:24
VIS_10045,CUST_1005,CH_001,2026-06-27 13:38:30,2026-06-27 14:05:09,2026-06-27 13:38:30,2026-06-27 13:38:30
VIS_10046,CUST_1007,CH_001,2026-06-27 23:31:50,2026-06-27 23:52:03,2026-06-27 23:31:50,2026-06-27 23:31:50
VIS_10047,CUST_1009,CH_003,2026-07-28 19:06:57,2026-07-28 19:17:00,2026-07-28 19:06:57,2026-07-28 19:06:57
VIS_10048,CUST_1024,CH_003,2026-01-27 17:10:53,,2026-01-27 17:10:53,2026-01-27 17:10:53
VIS_10049,CUST_1046,CH_003,2026-03-03 06:18:25,2026-03-03 06:37:57,2026-03-03 06:18:25,2026-03-03 06:18:25
VIS_10050,CUST_1036,CH_003,2026-07-25 10:05:04,2026-07-25 10:33:57,2026-07-25 10:05:04,2026-07-25 10:05:04
VIS_10051,CUST_1009,CH_003,2026-02-10 05:29:46,,2026-02-10 05:29:46,2026-02-10 05:29:46
VIS_10052,CUST_1048,CH_005,2026-02-14 19:52:23,,2026-02-14 19:52:23,2026-02-14 19:52:23
VIS_10053,CUST_1014,CH_003,2026-03-02 08:52:46,2026-03-02 09:14:24,2026-03-02 08:52:46,2026-03-02 08:52:46
VIS_10054,CUST_1033,CH_004,2026-03-21 01:39:52,2026-03-21 01:49:52,2026-03-21 01:39:52,2026-03-21 01:39:52
VIS_10055,CUST_1004,CH_001,2026-04-08 12:37:10,,2026-04-08 12:37:10,2026-04-08 12:37:10
VIS_10056,CUST_1003,CH_001,2026-06-14 12:00:44,,2026-06-14 12:00:44,2026-06-14 12:00:44
VIS_10057,CUST_1041,CH_003,2026-05-10 12:58:20,,2026-05-10 12:58:20,2026-05-10 12:58:20
VIS_10058,CUST_1036,CH_004,2026-03-04 18:03:11,,2026-03-04 18:03:11,2026-03-04 18:03:11
VIS_10059,CUST_1010,CH_005,2026-01-04 18:07:41,2026-01-04 18:32:16,2026-01-04 18:07:41,2026-01-04 18:07:41
VIS_10060,CUST_1038,CH_005,2026-01-14 23:48:23,,2026-01-14 23:48:23,2026-01-14 23:48:23
VIS_10061,CUST_1020,CH_003,2026-02-27 12:20:02,2026-02-27 12:22:27,2026-02-27 12:20:02,2026-02-27 12:20:02
VIS_10062,CUST_1014,CH_002,2026-01-16 11:50:49,,2026-01-16 11:50:49,2026-01-16 11:50:49
VIS_10063,CUST_1027,CH_005,2026-02-09 22:06:21,2026-02-09 22:26:27,2026-02-09 22:06:21,2026-02-09 22:06:21
VIS_10064,CUST_1016,CH_002,2026-03-02 00:32:29,,2026-03-02 00:32:29,2026-03-02 00:32:29
VIS_10065,CUST_1002,CH_002,2026-03-10 18:14:51,,2026-03-10 18:14:51,2026-03-10 18:14:51
VIS_10066,CUST_1027,CH_002,2026-05-10 00:11:34,,2026-05-10 00:11:34,2026-05-10 00:11:34
VIS_10067,CUST_1007,CH_004,2026-04-14 14:48:34,2026-04-14 15:13:30,2026-04-14 14:48:34,2026-04-14 14:48:34
VIS_10068,CUST_1015,CH_002,2026-01-16 00:56:22,,2026-01-16 00:56:22,2026-01-16 00:56:22
VIS_10069,CUST_1015,CH_002,2026-06-28 18:20:13,2026-06-28 18:49:13,2026-06-28 18:20:13,2026-06-28 18:20:13
VIS_10070,CUST_1022,CH_003,2026-01-10 04:34:06,2026-01-10 04:48:42,2026-01-10 04:34:06,2026-01-10 04:34:06
VIS_10071,CUST_1018,CH_003,2026-01-27 23:02:53,,2026-01-27 23:02:53,2026-01-27 23:02:53
VIS_10072,CUST_1035,CH_003,2026-07-17 20:00:18,2026-07-17 20:30:05,2026-07-17 20:00:18,2026-07-17 20:00:18
VIS_10073,CUST_1012,CH_005,2026-01-11 17:15:20,2026-01-11 17:25:14,2026-01-11 17:15:20,2026-01-11 17:15:20
VIS_10074,CUST_1028,CH_003,2026-04-14 02:19:33,2026-04-14 02:40:54,2026-04-14 02:19:33,2026-04-14 02:19:33
VIS_10075,CUST_1008,CH_004,2026-05-02 19:41:04,2026-05-02 19:59:31,2026-05-02 19:41:04,2026-05-02 19:41:04
VIS_10076,CUST_1028,CH_001,2026-03-15 19:39:45,2026-03-15 20:04:56,2026-03-15 19:39:45,2026-03-15 19:39:45
VIS_10077,CUST_1035,CH_002,2026-07-21 22:00:31,,2026-07-21 22:00:31,2026-07-21 22:00:31
VIS_10078,CUST_1022,CH_005,2026-05-22 10:47:24,2026-05-22 11:11:04,2026-05-22 10:47:24,2026-05-22 10:47:24
VIS_10079,CUST_1047,CH_003,2026-05-02 21:54:21,2026-05-02 21:59:36,2026-05-02 21:54:21,2026-05-02 21:54:21
VIS_10080,CUST_1021,CH_004,2026-07-16 22:43:27,2026-07-16 22:58:23,2026-07-16 22:43:27,2026-07-16 22:43:27
VIS_10081,CUST_1027,CH_004,2026-04-25 19:42:22,2026-04-25 19:49:54,2026-04-25 19:42:22,2026-04-25 19:42:22
VIS_10082,CUST_1026,CH_005,2026-03-09 14:03:08,2026-03-09 14:14:24,2026-03-09 14:03:08,2026-03-09 14:03:08
VIS_10083,CUST_1028,CH_005,2026-01-01 03:47:01,2026-01-01 03:55:11,2026-01-01 03:47:01,2026-01-01 03:47:01
VIS_10084,CUST_1044,CH_002,2026-05-06 03:34:49,2026-05-06 03:50:54,2026-05-06 03:34:49,2026-05-06 03:34:49
VIS_10085,CUST_1048,CH_002,2026-07-18 12:29:13,2026-07-18 12:57:23,2026-07-18 12:29:13,2026-07-18 12:29:13
VIS_10086,CUST_1041,CH_005,2026-02-02 22:21:06,2026-02-02 22:44:45,2026-02-02 22:21:06,2026-02-02 22:21:06
VIS_10087,CUST_1016,CH_003,2026-05-11 04:10:51,2026-05-11 04:37:29,2026-05-11 04:10:51,2026-05-11 04:10:51
VIS_10088,CUST_1010,CH_001,2026-03-29 05:48:09,,2026-03-29 05:48:09,2026-03-29 05:48:09
VIS_10089,CUST_1040,CH_001,2026-01-18 22:44:35,2026-01-18 23:01:48,2026-01-18 22:44:35,2026-01-18 22:44:35
VIS_10090,CUST_1037,CH_002,2026-06-26 20:47:10,2026-06-26 21:09:39,2026-06-26 20:47:10,2026-06-26 20:47:10
VIS_10091,CUST_1010,CH_001,2026-05-30 02:56:19,2026-05-30 03:05:38,2026-05-30 02:56:19,2026-05-30 02:56:19
VIS_10092,CUST_1015,CH_002,2026-02-11 09:27:56,,2026-02-11 09:27:56,2026-02-11 09:27:56
VIS_10093,CUST_1016,CH_001,2026-07-21 03:42:58,2026-07-21 04:02:59,2026-07-21 03:42:58,2026-07-21 03:42:58
VIS_10094,CUST_1043,CH_005,2026-06-27 06:31:57,2026-06-27 06:48:48,2026-06-27 06:31:57,2026-06-27 06:31:57
VIS_10095,CUST_1029,CH_005,2026-05-04 05:25:52,,2026-05-04 05:25:52,2026-05-04 05:25:52
VIS_10096,CUST_1029,CH_002,2026-07-16 00:52:24,2026-07-16 01:12:06,2026-07-16 00:52:24,2026-07-16 00:52:24
VIS_10097,CUST_1016,CH_003,2026-07-04 08:17:11,2026-07-04 08:43:50,2026-07-04 08:17:11,2026-07-04 08:17:11
VIS_10098,CUST_1018,CH_004,2026-07-22 10:51:59,2026-07-22 11:01:08,2026-07-22 10:51:59,2026-07-22 10:51:59
VIS_10099,CUST_1016,CH_003,2026-01-31 02:11:49,,2026-01-31 02:11:49,2026-01-31 02:11:49
VIS_10100,CUST_1006,CH_002,2026-05-11 10:19:33,2026-05-11 10:38:59,2026-05-11 10:19:33,2026-05-11 10:19:33
VIS_10101,CUST_1010,CH_002,2026-02-28 13:50:37,2026-02-28 14:15:18,2026-02-28 13:50:37,2026-02-28 13:50:37
VIS_10102,CUST_1035,CH_004,2026-01-25 22:39:22,2026-01-25 22:51:39,2026-01-25 22:39:22,2026-01-25 22:39:22
VIS_10103,CUST_1027,CH_004,2026-06-11 11:17:48,2026-06-11 11:47:13,2026-06-11 11:17:48,2026-06-11 11:17:48
VIS_10104,CUST_1049,CH_005,2026-01-08 14:03:03,,2026-01-08 14:03:03,2026-01-08 14:03:03
VIS_10105,CUST_1020,CH_004,2026-05-28 17:24:29,2026-05-28 17:37:29,2026-05-28 17:24:29,2026-05-28 17:24:29
VIS_10106,CUST_1035,CH_005,2026-06-12 17:33:41,2026-06-12 17:59:45,2026-06-12 17:33:41,2026-06-12 17:33:41
VIS_10107,CUST_1028,CH_004,2026-03-27 15:34:10,2026-03-27 15:44:28,2026-03-27 15:34:10,2026-03-27 15:34:10
VIS_10108,CUST_1044,CH_004,2026-01-12 06:31:51,2026-01-12 06:55:40,2026-01-12 06:31:51,2026-01-12 06:31:51
VIS_10109,CUST_1009,CH_005,2026-03-06 02:19:42,,2026-03-06 02:19:42,2026-03-06 02:19:42
VIS_10110,CUST_1038,CH_005,2026-07-27 10:23:35,2026-07-27 10:38:01,2026-07-27 10:23:35,2026-07-27 10:23:35
VIS_10111,CUST_1009,CH_004,2026-01-11 12:36:33,2026-01-11 12:52:10,2026-01-11 12:36:33,2026-01-11 12:36:33
VIS_10112,CUST_1021,CH_002,2026-03-12 13:50:14,2026-03-12 14:04:10,2026-03-12 13:50:14,2026-03-12 13:50:14
VIS_10113,CUST_1025,CH_003,2026-06-26 14:06:17,2026-06-26 14:33:15,2026-06-26 14:06:17,2026-06-26 14:06:17
VIS_10114,CUST_1031,CH_001,2026-06-13 17:16:08,2026-06-13 17:19:55,2026-06-13 17:16:08,2026-06-13 17:16:08
VIS_10115,CUST_1015,CH_001,2026-07-29 11:44:59,2026-07-29 11:57:55,2026-07-29 11:44:59,2026-07-29 11:44:59
VIS_10116,CUST_1016,CH_002,2026-01-16 15:13:58,,2026-01-16 15:13:58,2026-01-16 15:13:58
VIS_10117,CUST_1009,CH_004,2026-01-08 21:57:19,2026-01-08 22:06:27,2026-01-08 21:57:19,2026-01-08 21:57:19
VIS_10118,CUST_1030,CH_003,2026-02-14 10:11:12,2026-02-14 10:19:38,2026-02-14 10:11:12,2026-02-14 10:11:12
VIS_10119,CUST_1048,CH_001,2026-05-24 06:21:08,2026-05-24 06:42:51,2026-05-24 06:21:08,2026-05-24 06:21:08
VIS_10120,CUST_1007,CH_005,2026-03-05 14:24:28,,2026-03-05 14:24:28,2026-03-05 14:24:28
VIS_10121,CUST_1037,CH_004,2026-01-10 23:20:24,,2026-01-10 23:20:24,2026-01-10 23:20:24
VIS_10122,CUST_1013,CH_001,2026-06-04 01:05:14,,2026-06-04 01:05:14,2026-06-04 01:05:14
VIS_10123,CUST_1020,CH_005,2026-04-05 07:31:13,2026-04-05 07:58:35,2026-04-05 07:31:13,2026-04-05 07:31:13
VIS_10124,CUST_1037,CH_001,2026-02-17 00:18:53,,2026-02-17 00:18:53,2026-02-17 00:18:53
VIS_10125,CUST_1024,CH_001,2026-05-15 20:10:25,2026-05-15 20:33:59,2026-05-15 20:10:25,2026-05-15 20:10:25
VIS_10126,CUST_1027,CH_004,2026-07-16 11:53:46,2026-07-16 11:55:11,2026-07-16 11:53:46,2026-07-16 11:53:46
VIS_10127,CUST_1041,CH_004,2026-02-10 23:41:36,2026-02-10 23:54:57,2026-02-10 23:41:36,2026-02-10 23:41:36
VIS_10128,CUST_1034,CH_003,2026-03-01 09:58:51,2026-03-01 10:24:53,2026-03-01 09:58:51,2026-03-01 09:58:51
VIS_10129,CUST_1030,CH_004,2026-07-29 00:08:06,,2026-07-29 00:08:06,2026-07-29 00:08:06
VIS_10130,CUST_1006,CH_003,2026-04-15 05:37:39,2026-04-15 05:47:01,2026-04-15 05:37:39,2026-04-15 05:37:39
VIS_10131,CUST_1037,CH_005,2026-06-25 01:46:45,2026-06-25 02:03:36,2026-06-25 01:46:45,2026-06-25 01:46:45
VIS_10132,CUST_1021,CH_002,2026-05-28 04:26:10,2026-05-28 04:44:02,2026-05-28 04:26:10,2026-05-28 04:26:10
VIS_10133,CUST_1017,CH_003,2026-07-09 08:17:41,2026-07-09 08:45:54,2026-07-09 08:17:41,2026-07-09 08:17:41
VIS_10134,CUST_1045,CH_003,2026-04-19 14:36:21,,2026-04-19 14:36:21,2026-04-19 14:36:21
VIS_10135,CUST_1006,CH_002,2026-01-04 22:36:54,2026-01-04 22:44:25,2026-01-04 22:36:54,2026-01-04 22:36:54
VIS_10136,CUST_1016,CH_004,2026-06-07 20:11:04,2026-06-07 20:37:56,2026-06-07 20:11:04,2026-06-07 20:11:04
VIS_10137,CUST_1006,CH_003,2026-07-10 14:47:11,2026-07-10 14:48:46,2026-07-10 14:47:11,2026-07-10 14:47:11
VIS_10138,CUST_1020,CH_005,2026-03-28 01:25:41,2026-03-28 01:34:59,2026-03-28 01:25:41,2026-03-28 01:25:41
VIS_10139,CUST_1023,CH_004,2026-05-24 07:31:11,2026-05-24 07:50:18,2026-05-24 07:31:11,2026-05-24 07:31:11
VIS_10140,CUST_1018,CH_003,2026-05-09 11:11:54,2026-05-09 11:28:23,2026-05-09 11:11:54,2026-05-09 11:11:54
VIS_10141,CUST_1013,CH_003,2026-04-08 15:15:07,2026-04-08 15:40:44,2026-04-08 15:15:07,2026-04-08 15:15:07
VIS_10142,CUST_1049,CH_002,2026-02-16 10:19:51,,2026-02-16 10:19:51,2026-02-16 10:19:51
VIS_10143,CUST_1018,CH_005,2026-03-16 09:17:28,2026-03-16 09:34:59,2026-03-16 09:17:28,2026-03-16 09:17:28
VIS_10144,CUST_1013,CH_003,2026-07-23 17:58:12,2026-07-23 18:02:37,2026-07-23 17:58:12,2026-07-23 17:58:12
VIS_10145,CUST_1001,CH_005,2026-03-30 08:17:48,2026-03-30 08:29:07,2026-03-30 08:17:48,2026-03-30 08:17:48
VIS_10146,CUST_1036,CH_003,2026-02-19 03:50:19,2026-02-19 03:53:10,2026-02-19 03:50:19,2026-02-19 03:50:19
VIS_10147,CUST_1032,CH_001,2026-02-19 01:00:36,2026-02-19 01:27:17,2026-02-19 01:00:36,2026-02-19 01:00:36
VIS_10148,CUST_1031,CH_004,2026-01-05 18:19:18,2026-01-05 18:36:19,2026-01-05 18:19:18,2026-01-05 18:19:18
VIS_10149,CUST_1017,CH_004,2026-05-13 07:36:34,2026-05-13 07:39:19,2026-05-13 07:36:34,2026-05-13 07:36:34
VIS_10150,CUST_1026,CH_004,2026-02-14 07:22:09,,2026-02-14 07:22:09,2026-02-14 07:22:09
VIS_10151,CUST_1004,CH_002,2026-01-29 18:29:45,2026-01-29 18:54:10,2026-01-29 18:29:45,2026-01-29 18:29:45
VIS_10152,CUST_1020,CH_001,2026-02-27 22:37:20,,2026-02-27 22:37:20,2026-02-27 22:37:20
VIS_10153,CUST_1027,CH_005,2026-04-07 09:18:26,2026-04-07 09:45:31,2026-04-07 09:18:26,2026-04-07 09:18:26
VIS_10154,CUST_1025,CH_004,2026-03-29 15:33:23,,2026-03-29 15:33:23,2026-03-29 15:33:23
VIS_10155,CUST_1028,CH_003,2026-06-21 22:27:31,2026-06-21 22:48:36,2026-06-21 22:27:31,2026-06-21 22:27:31
VIS_10156,CUST_1007,CH_002,2026-01-24 09:23:13,2026-01-24 09:49:28,2026-01-24 09:23:13,2026-01-24 09:23:13
VIS_10157,CUST_1011,CH_002,2026-03-23 22:53:50,2026-03-23 22:57:36,2026-03-23 22:53:50,2026-03-23 22:53:50
VIS_10158,CUST_1001,CH_004,2026-03-09 12:03:34,2026-03-09 12:09:54,2026-03-09 12:03:34,2026-03-09 12:03:34
VIS_10159,CUST_1019,CH_001,2026-06-24 22:59:55,2026-06-24 23:16:57,2026-06-24 22:59:55,2026-06-24 22:59:55
VIS_10160,CUST_1045,CH_004,2026-03-31 21:30:53,2026-03-31 21:41:32,2026-03-31 21:30:53,2026-03-31 21:30:53
VIS_10161,CUST_1041,CH_005,2026-01-28 15:26:36,2026-01-28 15:36:37,2026-01-28 15:26:36,2026-01-28 15:26:36
VIS_10162,CUST_1015,CH_002,2026-03-18 19:48:31,2026-03-18 20:08:06,2026-03-18 19:48:31,2026-03-18 19:48:31
VIS_10163,CUST_1005,CH_001,2026-04-14 03:52:26,,2026-04-14 03:52:26,2026-04-14 03:52:26
VIS_10164,CUST_1039,CH_005,2026-03-06 10:30:44,,2026-03-06 10:30:44,2026-03-06 10:30:44
VIS_10165,CUST_1045,CH_003,2026-04-23 02:02:44,2026-04-23 02:19:43,2026-04-23 02:02:44,2026-04-23 02:02:44
VIS_10166,CUST_1033,CH_005,2026-06-06 07:39:04,,2026-06-06 07:39:04,2026-06-06 07:39:04
VIS_10167,CUST_1003,CH_004,2026-07-11 18:30:18,2026-07-11 18:51:42,2026-07-11 18:30:18,2026-07-11 18:30:18
VIS_10168,CUST_1006,CH_002,2026-05-06 04:15:17,2026-05-06 04:17:09,2026-05-06 04:15:17,2026-05-06 04:15:17
VIS_10169,CUST_1044,CH_003,2026-01-09 01:21:41,,2026-01-09 01:21:41,2026-01-09 01:21:41
VIS_10170,CUST_1012,CH_004,2026-01-16 14:59:10,,2026-01-16 14:59:10,2026-01-16 14:59:10
VIS_10171,CUST_1012,CH_005,2026-07-21 13:05:36,2026-07-21 13:16:05,2026-07-21 13:05:36,2026-07-21 13:05:36
VIS_10172,CUST_1006,CH_004,2026-06-19 06:44:33,2026-06-19 07:02:20,2026-06-19 06:44:33,2026-06-19 06:44:33
VIS_10173,CUST_1043,CH_001,2026-05-16 03:13:55,2026-05-16 03:25:52,2026-05-16 03:13:55,2026-05-16 03:13:55
VIS_10174,CUST_1032,CH_003,2026-03-04 10:59:46,2026-03-04 11:24:26,2026-03-04 10:59:46,2026-03-04 10:59:46
VIS_10175,CUST_1036,CH_001,2026-06-05 12:29:07,,2026-06-05 12:29:07,2026-06-05 12:29:07
VIS_10176,CUST_1021,CH_001,2026-06-26 15:17:05,2026-06-26 15:26:41,2026-06-26 15:17:05,2026-06-26 15:17:05
VIS_10177,CUST_1001,CH_005,2026-06-06 23:11:04,,2026-06-06 23:11:04,2026-06-06 23:11:04
VIS_10178,CUST_1034,CH_003,2026-06-29 09:55:53,2026-06-29 10:03:17,2026-06-29 09:55:53,2026-06-29 09:55:53
VIS_10179,CUST_1004,CH_002,2026-07-13 14:17:32,2026-07-13 14:44:28,2026-07-13 14:17:32,2026-07-13 14:17:32
VIS_10180,CUST_1029,CH_004,2026-04-14 17:08:40,2026-04-14 17:19:29,2026-04-14 17:08:40,2026-04-14 17:08:40
VIS_10181,CUST_1039,CH_002,2026-02-17 03:46:23,2026-02-17 04:08:53,2026-02-17 03:46:23,2026-02-17 03:46:23
VIS_10182,CUST_1036,CH_004,2026-03-03 12:11:29,2026-03-03 12:12:57,2026-03-03 12:11:29,2026-03-03 12:11:29
VIS_10183,CUST_1008,CH_004,2026-02-06 04:46:21,2026-02-06 05:16:04,2026-02-06 04:46:21,2026-02-06 04:46:21
VIS_10184,CUST_1032,CH_003,2026-02-15 14:51:49,2026-02-15 14:58:04,2026-02-15 14:51:49,2026-02-15 14:51:49
VIS_10185,CUST_1027,CH_004,2026-07-17 15:01:51,,2026-07-17 15:01:51,2026-07-17 15:01:51
VIS_10186,CUST_1010,CH_004,2026-07-03 09:24:26,2026-07-03 09:44:14,2026-07-03 09:24:26,2026-07-03 09:24:26
VIS_10187,CUST_1033,CH_002,2026-03-16 00:37:02,,2026-03-16 00:37:02,2026-03-16 00:37:02
VIS_10188,CUST_1027,CH_003,2026-01-28 02:40:37,2026-01-28 03:08:34,2026-01-28 02:40:37,2026-01-28 02:40:37
VIS_10189,CUST_1019,CH_003,2026-07-17 04:27:29,2026-07-17 04:28:34,2026-07-17 04:27:29,2026-07-17 04:27:29
VIS_10190,CUST_1029,CH_005,2026-07-10 03:46:43,,2026-07-10 03:46:43,2026-07-10 03:46:43
VIS_10191,CUST_1049,CH_005,2026-07-08 02:23:20,2026-07-08 02:43:10,2026-07-08 02:23:20,2026-07-08 02:23:20
VIS_10192,CUST_1013,CH_002,2026-05-27 11:51:09,2026-05-27 12:03:08,2026-05-27 11:51:09,2026-05-27 11:51:09
VIS_10193,CUST_1027,CH_001,2026-05-29 17:32:49,2026-05-29 18:00:17,2026-05-29 17:32:49,2026-05-29 17:32:49
VIS_10194,CUST_1046,CH_004,2026-05-04 13:37:05,,2026-05-04 13:37:05,2026-05-04 13:37:05
VIS_10195,CUST_1042,CH_002,2026-05-30 22:30:53,,2026-05-30 22:30:53,2026-05-30 22:30:53
VIS_10196,CUST_1009,CH_005,2026-07-12 08:47:51,,2026-07-12 08:47:51,2026-07-12 08:47:51
VIS_10197,CUST_1029,CH_001,2026-05-09 22:24:53,,2026-05-09 22:24:53,2026-05-09 22:24:53
VIS_10198,CUST_1001,CH_002,2026-07-24 06:13:09,,2026-07-24 06:13:09,2026-07-24 06:13:09
VIS_10199,CUST_1010,CH_001,2026-06-09 05:16:39,,2026-06-09 05:16:39,2026-06-09 05:16:39
VIS_10200,CUST_1017,CH_003,2026-07-02 07:58:10,,2026-07-02 07:58:10,2026-07-02 07:58:10
VIS_10201,CUST_1044,CH_005,2026-06-04 08:48:47,2026-06-04 09:00:59,2026-06-04 08:48:47,2026-06-04 08:48:47
VIS_10202,CUST_1041,CH_004,2026-05-28 13:56:39,,2026-05-28 13:56:39,2026-05-28 13:56:39
VIS_10203,CUST_1016,CH_003,2026-07-30 02:38:05,2026-07-30 02:41:25,2026-07-30 02:38:05,2026-07-30 02:38:05
VIS_10204,CUST_1028,CH_001,2026-03-30 08:19:32,,2026-03-30 08:19:32,2026-03-30 08:19:32
VIS_10205,CUST_1020,CH_001,2026-02-09 00:47:43,2026-02-09 01:12:24,2026-02-09 00:47:43,2026-02-09 00:47:43
VIS_10206,CUST_1019,CH_003,2026-01-18 20:40:00,2026-01-18 20:42:54,2026-01-18 20:40:00,2026-01-18 20:40:00
VIS_10207,CUST_1034,CH_004,2026-05-26 13:46:19,2026-05-26 13:55:39,2026-05-26 13:46:19,2026-05-26 13:46:19
VIS_10208,CUST_1040,CH_004,2026-03-11 22:15:06,2026-03-11 22:18:47,2026-03-11 22:15:06,2026-03-11 22:15:06
VIS_10209,CUST_1010,CH_002,2026-04-04 12:41:46,2026-04-04 13:02:40,2026-04-04 12:41:46,2026-04-04 12:41:46
VIS_10210,CUST_1017,CH_001,2026-06-29 02:13:43,2026-06-29 02:30:24,2026-06-29 02:13:43,2026-06-29 02:13:43
VIS_10211,CUST_1044,CH_005,2026-06-30 16:28:28,,2026-06-30 16:28:28,2026-06-30 16:28:28
VIS_10212,CUST_1038,CH_003,2026-03-03 08:26:22,2026-03-03 08:39:09,2026-03-03 08:26:22,2026-03-03 08:26:22
VIS_10213,CUST_1020,CH_002,2026-06-14 18:50:45,2026-06-14 19:07:20,2026-06-14 18:50:45,2026-06-14 18:50:45
VIS_10214,CUST_1007,CH_002,2026-05-30 09:36:03,,2026-05-30 09:36:03,2026-05-30 09:36:03
VIS_10215,CUST_1019,CH_003,2026-05-29 02:34:22,2026-05-29 02:54:59,2026-05-29 02:34:22,2026-05-29 02:34:22
VIS_10216,CUST_1043,CH_004,2026-01-09 12:29:30,,2026-01-09 12:29:30,2026-01-09 12:29:30
VIS_10217,CUST_1050,CH_001,2026-04-17 14:20:33,2026-04-17 14:44:57,2026-04-17 14:20:33,2026-04-17 14:20:33
VIS_10218,CUST_1019,CH_002,2026-07-12 21:50:01,,2026-07-12 21:50:01,2026-07-12 21:50:01
VIS_10219,CUST_1040,CH_003,2026-05-17 19:52:09,2026-05-17 19:59:38,2026-05-17 19:52:09,2026-05-17 19:52:09
VIS_10220,CUST_1042,CH_001,2026-02-23 02:52:29,2026-02-23 03:14:54,2026-02-23 02:52:29,2026-02-23 02:52:29
VIS_10221,CUST_1003,CH_005,2026-04-30 23:27:47,,2026-04-30 23:27:47,2026-04-30 23:27:47
VIS_10222,CUST_1006,CH_003,2026-05-22 16:45:11,,2026-05-22 16:45:11,2026-05-22 16:45:11
VIS_10223,CUST_1012,CH_002,2026-05-07 21:14:34,,2026-05-07 21:14:34,2026-05-07 21:14:34
VIS_10224,CUST_1024,CH_005,2026-02-21 07:49:06,,2026-02-21 07:49:06,2026-02-21 07:49:06
VIS_10225,CUST_1011,CH_003,2026-07-14 21:03:58,,2026-07-14 21:03:58,2026-07-14 21:03:58
VIS_10226,CUST_1019,CH_003,2026-07-07 03:08:50,,2026-07-07 03:08:50,2026-07-07 03:08:50
VIS_10227,CUST_1010,CH_002,2026-02-14 17:27:34,2026-02-14 17:31:08,2026-02-14 17:27:34,2026-02-14 17:27:34
VIS_10228,CUST_1036,CH_003,2026-06-04 08:08:36,,2026-06-04 08:08:36,2026-06-04 08:08:36
VIS_10229,CUST_1001,CH_003,2026-02-05 01:41:01,,2026-02-05 01:41:01,2026-02-05 01:41:01
VIS_10230,CUST_1044,CH_003,2026-07-28 09:12:59,2026-07-28 09:26:33,2026-07-28 09:12:59,2026-07-28 09:12:59
VIS_10231,CUST_1024,CH_001,2026-05-28 23:24:54,,2026-05-28 23:24:54,2026-05-28 23:24:54
VIS_10232,CUST_1036,CH_003,2026-04-01 19:22:41,2026-04-01 19:44:49,2026-04-01 19:22:41,2026-04-01 19:22:41
VIS_10233,CUST_1030,CH_003,2026-03-27 23:17:30,2026-03-27 23:40:11,2026-03-27 23:17:30,2026-03-27 23:17:30
VIS_10234,CUST_1003,CH_003,2026-06-08 13:35:35,2026-06-08 13:38:07,2026-06-08 13:35:35,2026-06-08 13:35:35
VIS_10235,CUST_1035,CH_002,2026-07-11 07:35:39,2026-07-11 07:44:39,2026-07-11 07:35:39,2026-07-11 07:35:39
VIS_10236,CUST_1048,CH_005,2026-05-31 22:26:30,2026-05-31 22:50:23,2026-05-31 22:26:30,2026-05-31 22:26:30
VIS_10237,CUST_1010,CH_004,2026-06-12 18:32:40,2026-06-12 18:58:28,2026-06-12 18:32:40,2026-06-12 18:32:40
VIS_10238,CUST_1040,CH_004,2026-02-08 10:56:54,,2026-02-08 10:56:54,2026-02-08 10:56:54
VIS_10239,CUST_1014,CH_004,2026-04-19 15:22:01,2026-04-19 15:35:39,2026-04-19 15:22:01,2026-04-19 15:22:01
VIS_10240,CUST_1024,CH_001,2026-06-22 16:51:56,,2026-06-22 16:51:56,2026-06-22 16:51:56
VIS_10241,CUST_1023,CH_001,2026-05-23 15:48:35,2026-05-23 16:11:35,2026-05-23 15:48:35,2026-05-23 15:48:35
VIS_10242,CUST_1030,CH_001,2026-06-04 14:55:49,2026-06-04 15:00:59,2026-06-04 14:55:49,2026-06-04 14:55:49
VIS_10243,CUST_1002,CH_001,2026-03-24 08:58:10,2026-03-24 09:19:32,2026-03-24 08:58:10,2026-03-24 08:58:10
VIS_10244,CUST_1037,CH_002,2026-05-10 12:31:50,2026-05-10 12:37:07,2026-05-10 12:31:50,2026-05-10 12:31:50
VIS_10245,CUST_1036,CH_002,2026-01-27 15:29:34,,2026-01-27 15:29:34,2026-01-27 15:29:34
VIS_10246,CUST_1015,CH_003,2026-03-25 20:48:44,,2026-03-25 20:48:44,2026-03-25 20:48:44
VIS_10247,CUST_1039,CH_001,2026-02-27 07:18:16,,2026-02-27 07:18:16,2026-02-27 07:18:16
VIS_10248,CUST_1010,CH_002,2026-04-18 16:23:19,,2026-04-18 16:23:19,2026-04-18 16:23:19
VIS_10249,CUST_1008,CH_001,2026-07-29 19:10:22,2026-07-29 19:17:19,2026-07-29 19:10:22,2026-07-29 19:10:22
VIS_10250,CUST_1016,CH_005,2026-02-21 04:29:42,2026-02-21 04:57:39,2026-02-21 04:29:42,2026-02-21 04:29:42
VIS_10251,CUST_1004,CH_002,2026-05-06 17:46:07,2026-05-06 17:56:10,2026-05-06 17:46:07,2026-05-06 17:46:07
VIS_10252,CUST_1005,CH_004,2026-06-13 11:38:12,2026-06-13 12:04:39,2026-06-13 11:38:12,2026-06-13 11:38:12
VIS_10253,CUST_1033,CH_005,2026-06-24 02:13:40,,2026-06-24 02:13:40,2026-06-24 02:13:40
VIS_10254,CUST_1040,CH_001,2026-02-12 08:27:25,2026-02-12 08:35:58,2026-02-12 08:27:25,2026-02-12 08:27:25
VIS_10255,CUST_1002,CH_001,2026-07-22 12:16:39,2026-07-22 12:39:36,2026-07-22 12:16:39,2026-07-22 12:16:39
VIS_10256,CUST_1028,CH_001,2026-07-06 00:26:05,,2026-07-06 00:26:05,2026-07-06 00:26:05
VIS_10257,CUST_1029,CH_001,2026-07-10 09:38:12,,2026-07-10 09:38:12,2026-07-10 09:38:12
VIS_10258,CUST_1005,CH_002,2026-02-01 09:01:18,2026-02-01 09:07:21,2026-02-01 09:01:18,2026-02-01 09:01:18
VIS_10259,CUST_1036,CH_003,2026-04-17 19:20:05,2026-04-17 19:41:03,2026-04-17 19:20:05,2026-04-17 19:20:05
VIS_10260,CUST_1034,CH_003,2026-05-28 22:17:10,,2026-05-28 22:17:10,2026-05-28 22:17:10
VIS_10261,CUST_1007,CH_001,2026-06-26 04:56:03,2026-06-26 05:11:44,2026-06-26 04:56:03,2026-06-26 04:56:03
VIS_10262,CUST_1027,CH_003,2026-03-25 12:09:36,2026-03-25 12:18:23,2026-03-25 12:09:36,2026-03-25 12:09:36
VIS_10263,CUST_1007,CH_003,2026-06-26 02:54:58,2026-06-26 03:20:52,2026-06-26 02:54:58,2026-06-26 02:54:58
VIS_10264,CUST_1024,CH_002,2026-06-15 17:43:43,2026-06-15 17:53:25,2026-06-15 17:43:43,2026-06-15 17:43:43
VIS_10265,CUST_1006,CH_001,2026-07-04 04:29:49,2026-07-04 04:59:12,2026-07-04 04:29:49,2026-07-04 04:29:49
VIS_10266,CUST_1024,CH_002,2026-06-17 17:22:51,2026-06-17 17:49:04,2026-06-17 17:22:51,2026-06-17 17:22:51
VIS_10267,CUST_1036,CH_003,2026-01-24 07:03:47,2026-01-24 07:23:57,2026-01-24 07:03:47,2026-01-24 07:03:47
VIS_10268,CUST_1049,CH_004,2026-02-17 11:16:41,2026-02-17 11:40:23,2026-02-17 11:16:41,2026-02-17 11:16:41
VIS_10269,CUST_1039,CH_003,2026-01-20 23:30:43,,2026-01-20 23:30:43,2026-01-20 23:30:43
VIS_10270,CUST_1014,CH_002,2026-05-17 13:34:48,2026-05-17 13:53:07,2026-05-17 13:34:48,2026-05-17 13:34:48
VIS_10271,CUST_1023,CH_005,2026-07-07 06:19:51,2026-07-07 06:24:32,2026-07-07 06:19:51,2026-07-07 06:19:51
VIS_10272,CUST_1037,CH_002,2026-05-23 17:55:02,2026-05-23 18:05:32,2026-05-23 17:55:02,2026-05-23 17:55:02
VIS_10273,CUST_1050,CH_005,2026-06-16 15:37:03,,2026-06-16 15:37:03,2026-06-16 15:37:03
VIS_10274,CUST_1045,CH_003,2026-01-11 04:42:12,2026-01-11 05:05:39,2026-01-11 04:42:12,2026-01-11 04:42:12
VIS_10275,CUST_1049,CH_003,2026-01-12 05:51:47,2026-01-12 06:16:46,2026-01-12 05:51:47,2026-01-12 05:51:47
VIS_10276,CUST_1010,CH_005,2026-05-12 23:23:43,2026-05-12 23:30:54,2026-05-12 23:23:43,2026-05-12 23:23:43
VIS_10277,CUST_1041,CH_001,2026-06-05 15:34:51,2026-06-05 16:01:08,2026-06-05 15:34:51,2026-06-05 15:34:51
VIS_10278,CUST_1014,CH_004,2026-02-05 15:14:36,,2026-02-05 15:14:36,2026-02-05 15:14:36
VIS_10279,CUST_1024,CH_003,2026-06-13 01:07:20,2026-06-13 01:13:42,2026-06-13 01:07:20,2026-06-13 01:07:20
VIS_10280,CUST_1037,CH_005,2026-05-06 23:28:03,,2026-05-06 23:28:03,2026-05-06 23:28:03
VIS_10281,CUST_1010,CH_002,2026-02-02 23:51:25,,2026-02-02 23:51:25,2026-02-02 23:51:25
VIS_10282,CUST_1029,CH_004,2026-01-20 07:49:12,2026-01-20 07:59:29,2026-01-20 07:49:12,2026-01-20 07:49:12
VIS_10283,CUST_1018,CH_002,2026-07-08 14:41:42,2026-07-08 14:56:50,2026-07-08 14:41:42,2026-07-08 14:41:42
VIS_10284,CUST_1008,CH_003,2026-07-18 23:24:49,2026-07-18 23:40:29,2026-07-18 23:24:49,2026-07-18 23:24:49
VIS_10285,CUST_1003,CH_002,2026-07-08 23:44:45,2026-07-08 23:56:16,2026-07-08 23:44:45,2026-07-08 23:44:45
VIS_10286,CUST_1004,CH_001,2026-06-03 12:07:18,,2026-06-03 12:07:18,2026-06-03 12:07:18
VIS_10287,CUST_1050,CH_002,2026-03-21 09:21:41,2026-03-21 09:29:53,2026-03-21 09:21:41,2026-03-21 09:21:41
VIS_10288,CUST_1001,CH_004,2026-04-10 05:36:51,2026-04-10 05:41:56,2026-04-10 05:36:51,2026-04-10 05:36:51
VIS_10289,CUST_1035,CH_002,2026-06-17 05:59:44,2026-06-17 06:13:42,2026-06-17 05:59:44,2026-06-17 05:59:44
VIS_10290,CUST_1023,CH_001,2026-07-14 06:46:58,2026-07-14 07:10:46,2026-07-14 06:46:58,2026-07-14 06:46:58
VIS_10291,CUST_1003,CH_004,2026-06-04 04:58:17,,2026-06-04 04:58:17,2026-06-04 04:58:17
VIS_10292,CUST_1021,CH_005,2026-01-08 06:41:01,2026-01-08 06:44:40,2026-01-08 06:41:01,2026-01-08 06:41:01
VIS_10293,CUST_1041,CH_004,2026-06-16 17:13:10,2026-06-16 17:38:23,2026-06-16 17:13:10,2026-06-16 17:13:10
VIS_10294,CUST_1021,CH_002,2026-04-23 10:28:38,2026-04-23 10:30:20,2026-04-23 10:28:38,2026-04-23 10:28:38
VIS_10295,CUST_1024,CH_001,2026-06-28 16:24:50,,2026-06-28 16:24:50,2026-06-28 16:24:50
VIS_10296,CUST_1016,CH_004,2026-06-19 14:26:55,,2026-06-19 14:26:55,2026-06-19 14:26:55
VIS_10297,CUST_1020,CH_003,2026-06-05 12:27:46,2026-06-05 12:42:16,2026-06-05 12:27:46,2026-06-05 12:27:46
VIS_10298,CUST_1005,CH_005,2026-03-28 01:12:04,2026-03-28 01:18:48,2026-03-28 01:12:04,2026-03-28 01:12:04
VIS_10299,CUST_1050,CH_003,2026-02-14 06:48:19,2026-02-14 06:55:56,2026-02-14 06:48:19,2026-02-14 06:48:19
VIS_10300,CUST_1042,CH_002,2026-05-17 08:29:12,,2026-05-17 08:29:12,2026-05-17 08:29:12
